{"MIR4": {"localIpCount": 1, "localIpFrequency": {"10.0.0.4": 7}, "localIpTotalDuration": 2411.8941, "localIpDuration": {"10.0.0.4": 2411.8941}}, "PUBG Mobile": {"localIpCount": 1, "localIpFrequency": {"10.0.0.90": 1}, "localIpTotalDuration": 444.152, "localIpDuration": {"10.0.0.90": 444.152}}, "Diablo Immortal": {"localIpCount": 1, "localIpFrequency": {"10.0.0.120": 1}, "localIpTotalDuration": 0.0001, "localIpDuration": {"10.0.0.120": 0.0001}}, "Brawl Stars": {"localIpCount": 1, "localIpFrequency": {"10.0.0.79": 1}, "localIpTotalDuration": 244.1526, "localIpDuration": {"10.0.0.79": 244.1526}}}