{"Roblox (Adopt Me!)": {"localIpCount": 1, "localIpFrequency": {"10.0.0.33": 5}, "localIpTotalDuration": 3921.4302000000002, "localIpDuration": {"10.0.0.33": 3921.4302000000002}}, "League of Legends: Wild Rift": {"localIpCount": 1, "localIpFrequency": {"10.0.0.33": 1}, "localIpTotalDuration": 10.3097, "localIpDuration": {"10.0.0.33": 10.3097}}, "Odin: Valhalla Rising": {"localIpCount": 1, "localIpFrequency": {"10.0.0.30": 1}, "localIpTotalDuration": 560.9006, "localIpDuration": {"10.0.0.30": 560.9006}}, "Roblox": {"localIpCount": 1, "localIpFrequency": {"10.0.0.33": 7}, "localIpTotalDuration": 8853.9869, "localIpDuration": {"10.0.0.33": 8853.9869}}}